,ResponseId,SetID,value,Real Price,Price Cont,PriceMin5,Price0,Price2,All RES,wind,solar,hydro,biomass,Slovak,Can Change,No change,Gender_f,Age,Income,No Income,Energy Consumption,payment_1,Region West,Region East,Household_size,Concern_1,RES_attitude_1,Know_green_provider,Providers_count,Appliance_count,Task_temp,Task_consumption,Task_appliances,Task_source,SetID_1
0,R_2QhVhS7x3hq6XKf,Set1_a,1,24,-5,1,0,0,-1,-1,-1,-1,-1,-1,1,-1,0,36,5,0,0,29,0,0,3,3,3,0,5,3,3,4,5,3,1
1,R_2QhVhS7x3hq6XKf,Set1_b,0,29,0,0,1,0,0,0,0,0,1,1,-1,1,0,36,5,0,0,29,0,0,3,3,3,0,5,3,3,4,5,3,1
2,R_2QhVhS7x3hq6XKf,Set2_a,1,24,-5,1,0,0,-1,-1,-1,-1,-1,-1,1,-1,0,36,5,0,0,29,0,0,3,3,3,0,5,3,3,4,5,3,2
3,R_2QhVhS7x3hq6XKf,Set2_b,0,29,0,0,1,0,0,0,0,1,0,1,-1,1,0,36,5,0,0,29,0,0,3,3,3,0,5,3,3,4,5,3,2
4,R_2QhVhS7x3hq6XKf,Set3_a,1,34,5,-1,-1,-1,0,0,1,0,0,1,1,-1,0,36,5,0,0,29,0,0,3,3,3,0,5,3,3,4,5,3,3
5,R_2QhVhS7x3hq6XKf,Set3_b,0,34,5,-1,-1,-1,1,0,0,0,0,-1,-1,1,0,36,5,0,0,29,0,0,3,3,3,0,5,3,3,4,5,3,3
6,R_2QhVhS7x3hq6XKf,Set4_a,1,34,5,-1,-1,-1,0,0,0,1,0,-1,1,1,0,36,5,0,0,29,0,0,3,3,3,0,5,3,3,4,5,3,4
7,R_2QhVhS7x3hq6XKf,Set4_b,0,34,5,-1,-1,-1,1,0,0,0,0,1,1,-1,0,36,5,0,0,29,0,0,3,3,3,0,5,3,3,4,5,3,4
8,R_2QhVhS7x3hq6XKf,Set5_a,0,29,0,0,1,0,0,1,0,0,0,1,-1,1,0,36,5,0,0,29,0,0,3,3,3,0,5,3,3,4,5,3,5
9,R_2QhVhS7x3hq6XKf,Set5_b,1,24,-5,1,0,0,-1,-1,-1,-1,-1,1,-1,-1,0,36,5,0,0,29,0,0,3,3,3,0,5,3,3,4,5,3,5
10,R_2QhVhS7x3hq6XKf,Set6_a,1,31,2,0,0,1,1,0,0,0,0,-1,1,1,0,36,5,0,0,29,0,0,3,3,3,0,5,3,3,4,5,3,6
11,R_2QhVhS7x3hq6XKf,Set6_b,0,24,-5,1,0,0,-1,-1,-1,-1,-1,1,-1,-1,0,36,5,0,0,29,0,0,3,3,3,0,5,3,3,4,5,3,6
12,R_2QhVhS7x3hq6XKf,Set7_a,1,34,5,-1,-1,-1,0,0,0,0,1,1,1,1,0,36,5,0,0,29,0,0,3,3,3,0,5,3,3,4,5,3,7
13,R_2QhVhS7x3hq6XKf,Set7_b,0,34,5,-1,-1,-1,0,0,1,0,0,1,-1,-1,0,36,5,0,0,29,0,0,3,3,3,0,5,3,3,4,5,3,7
14,R_2QhVhS7x3hq6XKf,Set8_a,0,34,5,-1,-1,-1,0,0,1,0,0,-1,1,1,0,36,5,0,0,29,0,0,3,3,3,0,5,3,3,4,5,3,8
15,R_2QhVhS7x3hq6XKf,Set8_b,1,31,2,0,0,1,0,1,0,0,0,1,1,-1,0,36,5,0,0,29,0,0,3,3,3,0,5,3,3,4,5,3,8
16,R_2QhVhS7x3hq6XKf,Set9_a,0,29,0,0,1,0,0,0,1,0,0,-1,-1,1,0,36,5,0,0,29,0,0,3,3,3,0,5,3,3,4,5,3,9
17,R_2QhVhS7x3hq6XKf,Set9_b,0,34,5,-1,-1,-1,1,0,0,0,0,-1,1,-1,0,36,5,0,0,29,0,0,3,3,3,0,5,3,3,4,5,3,9
18,R_2QhVhS7x3hq6XKf,Set10_a,0,31,2,0,0,1,0,0,0,1,0,1,-1,1,0,36,5,0,0,29,0,0,3,3,3,0,5,3,3,4,5,3,10
19,R_2QhVhS7x3hq6XKf,Set10_b,0,29,0,0,1,0,0,0,0,0,1,1,-1,-1,0,36,5,0,0,29,0,0,3,3,3,0,5,3,3,4,5,3,10
20,R_2QhVhS7x3hq6XKf,Set11_a,0,31,2,0,0,1,0,0,0,0,1,1,-1,1,0,36,5,0,0,29,0,0,3,3,3,0,5,3,3,4,5,3,11
21,R_2QhVhS7x3hq6XKf,Set11_b,0,29,0,0,1,0,0,0,0,1,0,-1,1,-1,0,36,5,0,0,29,0,0,3,3,3,0,5,3,3,4,5,3,11
22,R_2QhVhS7x3hq6XKf,Set12_a,0,31,2,0,0,1,1,0,0,0,0,-1,1,1,0,36,5,0,0,29,0,0,3,3,3,0,5,3,3,4,5,3,12
23,R_2QhVhS7x3hq6XKf,Set12_b,0,34,5,-1,-1,-1,0,1,0,0,0,1,-1,-1,0,36,5,0,0,29,0,0,3,3,3,0,5,3,3,4,5,3,12
24,R_1nUxCAfYXJc9EUW,Set1_a,0,24,-5,1,0,0,-1,-1,-1,-1,-1,-1,1,-1,1,44,5,0,0,29,0,1,4,2,4,0,1,4,4,4,4,4,1
25,R_1nUxCAfYXJc9EUW,Set1_b,1,29,0,0,1,0,0,0,0,0,1,1,-1,1,1,44,5,0,0,29,0,1,4,2,4,0,1,4,4,4,4,4,1
26,R_1nUxCAfYXJc9EUW,Set2_a,0,24,-5,1,0,0,-1,-1,-1,-1,-1,-1,1,-1,1,44,5,0,0,29,0,1,4,2,4,0,1,4,4,4,4,4,2
27,R_1nUxCAfYXJc9EUW,Set2_b,1,29,0,0,1,0,0,0,0,1,0,1,-1,1,1,44,5,0,0,29,0,1,4,2,4,0,1,4,4,4,4,4,2
28,R_1nUxCAfYXJc9EUW,Set3_a,1,34,5,-1,-1,-1,0,0,1,0,0,1,1,-1,1,44,5,0,0,29,0,1,4,2,4,0,1,4,4,4,4,4,3
29,R_1nUxCAfYXJc9EUW,Set3_b,0,34,5,-1,-1,-1,1,0,0,0,0,-1,-1,1,1,44,5,0,0,29,0,1,4,2,4,0,1,4,4,4,4,4,3
30,R_1nUxCAfYXJc9EUW,Set4_a,0,34,5,-1,-1,-1,0,0,0,1,0,-1,1,1,1,44,5,0,0,29,0,1,4,2,4,0,1,4,4,4,4,4,4
31,R_1nUxCAfYXJc9EUW,Set4_b,1,34,5,-1,-1,-1,1,0,0,0,0,1,1,-1,1,44,5,0,0,29,0,1,4,2,4,0,1,4,4,4,4,4,4
32,R_1nUxCAfYXJc9EUW,Set5_a,1,29,0,0,1,0,0,1,0,0,0,1,-1,1,1,44,5,0,0,29,0,1,4,2,4,0,1,4,4,4,4,4,5
33,R_1nUxCAfYXJc9EUW,Set5_b,0,24,-5,1,0,0,-1,-1,-1,-1,-1,1,-1,-1,1,44,5,0,0,29,0,1,4,2,4,0,1,4,4,4,4,4,5
34,R_1nUxCAfYXJc9EUW,Set6_a,0,31,2,0,0,1,1,0,0,0,0,-1,1,1,1,44,5,0,0,29,0,1,4,2,4,0,1,4,4,4,4,4,6
35,R_1nUxCAfYXJc9EUW,Set6_b,1,24,-5,1,0,0,-1,-1,-1,-1,-1,1,-1,-1,1,44,5,0,0,29,0,1,4,2,4,0,1,4,4,4,4,4,6
36,R_1nUxCAfYXJc9EUW,Set7_a,1,34,5,-1,-1,-1,0,0,0,0,1,1,1,1,1,44,5,0,0,29,0,1,4,2,4,0,1,4,4,4,4,4,7
37,R_1nUxCAfYXJc9EUW,Set7_b,0,34,5,-1,-1,-1,0,0,1,0,0,1,-1,-1,1,44,5,0,0,29,0,1,4,2,4,0,1,4,4,4,4,4,7
38,R_1nUxCAfYXJc9EUW,Set8_a,0,34,5,-1,-1,-1,0,0,1,0,0,-1,1,1,1,44,5,0,0,29,0,1,4,2,4,0,1,4,4,4,4,4,8
39,R_1nUxCAfYXJc9EUW,Set8_b,1,31,2,0,0,1,0,1,0,0,0,1,1,-1,1,44,5,0,0,29,0,1,4,2,4,0,1,4,4,4,4,4,8
40,R_1nUxCAfYXJc9EUW,Set9_a,1,29,0,0,1,0,0,0,1,0,0,-1,-1,1,1,44,5,0,0,29,0,1,4,2,4,0,1,4,4,4,4,4,9
41,R_1nUxCAfYXJc9EUW,Set9_b,0,34,5,-1,-1,-1,1,0,0,0,0,-1,1,-1,1,44,5,0,0,29,0,1,4,2,4,0,1,4,4,4,4,4,9
42,R_1nUxCAfYXJc9EUW,Set10_a,0,31,2,0,0,1,0,0,0,1,0,1,-1,1,1,44,5,0,0,29,0,1,4,2,4,0,1,4,4,4,4,4,10
43,R_1nUxCAfYXJc9EUW,Set10_b,0,29,0,0,1,0,0,0,0,0,1,1,-1,-1,1,44,5,0,0,29,0,1,4,2,4,0,1,4,4,4,4,4,10
44,R_1nUxCAfYXJc9EUW,Set11_a,0,31,2,0,0,1,0,0,0,0,1,1,-1,1,1,44,5,0,0,29,0,1,4,2,4,0,1,4,4,4,4,4,11
45,R_1nUxCAfYXJc9EUW,Set11_b,0,29,0,0,1,0,0,0,0,1,0,-1,1,-1,1,44,5,0,0,29,0,1,4,2,4,0,1,4,4,4,4,4,11
46,R_1nUxCAfYXJc9EUW,Set12_a,0,31,2,0,0,1,1,0,0,0,0,-1,1,1,1,44,5,0,0,29,0,1,4,2,4,0,1,4,4,4,4,4,12
47,R_1nUxCAfYXJc9EUW,Set12_b,0,34,5,-1,-1,-1,0,1,0,0,0,1,-1,-1,1,44,5,0,0,29,0,1,4,2,4,0,1,4,4,4,4,4,12
48,R_3EnDsvWAIogkXzz,Set1_a,1,126,-5,1,0,0,-1,-1,-1,-1,-1,-1,1,-1,0,50,4,0,1,131,0,1,2,1,4,0,2,6,2,4,4,2,1
49,R_3EnDsvWAIogkXzz,Set1_b,0,131,0,0,1,0,0,0,0,0,1,1,-1,1,0,50,4,0,1,131,0,1,2,1,4,0,2,6,2,4,4,2,1
50,R_3EnDsvWAIogkXzz,Set2_a,1,126,-5,1,0,0,-1,-1,-1,-1,-1,-1,1,-1,0,50,4,0,1,131,0,1,2,1,4,0,2,6,2,4,4,2,2
51,R_3EnDsvWAIogkXzz,Set2_b,0,131,0,0,1,0,0,0,0,1,0,1,-1,1,0,50,4,0,1,131,0,1,2,1,4,0,2,6,2,4,4,2,2
52,R_3EnDsvWAIogkXzz,Set3_a,1,136,5,-1,-1,-1,0,0,1,0,0,1,1,-1,0,50,4,0,1,131,0,1,2,1,4,0,2,6,2,4,4,2,3
53,R_3EnDsvWAIogkXzz,Set3_b,0,136,5,-1,-1,-1,1,0,0,0,0,-1,-1,1,0,50,4,0,1,131,0,1,2,1,4,0,2,6,2,4,4,2,3
54,R_3EnDsvWAIogkXzz,Set4_a,1,136,5,-1,-1,-1,0,0,0,1,0,-1,1,1,0,50,4,0,1,131,0,1,2,1,4,0,2,6,2,4,4,2,4
55,R_3EnDsvWAIogkXzz,Set4_b,0,136,5,-1,-1,-1,1,0,0,0,0,1,1,-1,0,50,4,0,1,131,0,1,2,1,4,0,2,6,2,4,4,2,4
56,R_3EnDsvWAIogkXzz,Set5_a,0,131,0,0,1,0,0,1,0,0,0,1,-1,1,0,50,4,0,1,131,0,1,2,1,4,0,2,6,2,4,4,2,5
57,R_3EnDsvWAIogkXzz,Set5_b,1,126,-5,1,0,0,-1,-1,-1,-1,-1,1,-1,-1,0,50,4,0,1,131,0,1,2,1,4,0,2,6,2,4,4,2,5
58,R_3EnDsvWAIogkXzz,Set6_a,0,133,2,0,0,1,1,0,0,0,0,-1,1,1,0,50,4,0,1,131,0,1,2,1,4,0,2,6,2,4,4,2,6
59,R_3EnDsvWAIogkXzz,Set6_b,1,126,-5,1,0,0,-1,-1,-1,-1,-1,1,-1,-1,0,50,4,0,1,131,0,1,2,1,4,0,2,6,2,4,4,2,6
60,R_3EnDsvWAIogkXzz,Set7_a,0,136,5,-1,-1,-1,0,0,0,0,1,1,1,1,0,50,4,0,1,131,0,1,2,1,4,0,2,6,2,4,4,2,7
61,R_3EnDsvWAIogkXzz,Set7_b,1,136,5,-1,-1,-1,0,0,1,0,0,1,-1,-1,0,50,4,0,1,131,0,1,2,1,4,0,2,6,2,4,4,2,7
62,R_3EnDsvWAIogkXzz,Set8_a,1,136,5,-1,-1,-1,0,0,1,0,0,-1,1,1,0,50,4,0,1,131,0,1,2,1,4,0,2,6,2,4,4,2,8
63,R_3EnDsvWAIogkXzz,Set8_b,0,133,2,0,0,1,0,1,0,0,0,1,1,-1,0,50,4,0,1,131,0,1,2,1,4,0,2,6,2,4,4,2,8
64,R_3EnDsvWAIogkXzz,Set9_a,0,131,0,0,1,0,0,0,1,0,0,-1,-1,1,0,50,4,0,1,131,0,1,2,1,4,0,2,6,2,4,4,2,9
65,R_3EnDsvWAIogkXzz,Set9_b,1,136,5,-1,-1,-1,1,0,0,0,0,-1,1,-1,0,50,4,0,1,131,0,1,2,1,4,0,2,6,2,4,4,2,9
66,R_3EnDsvWAIogkXzz,Set10_a,0,133,2,0,0,1,0,0,0,1,0,1,-1,1,0,50,4,0,1,131,0,1,2,1,4,0,2,6,2,4,4,2,10
67,R_3EnDsvWAIogkXzz,Set10_b,1,131,0,0,1,0,0,0,0,0,1,1,-1,-1,0,50,4,0,1,131,0,1,2,1,4,0,2,6,2,4,4,2,10
68,R_3EnDsvWAIogkXzz,Set11_a,1,133,2,0,0,1,0,0,0,0,1,1,-1,1,0,50,4,0,1,131,0,1,2,1,4,0,2,6,2,4,4,2,11
69,R_3EnDsvWAIogkXzz,Set11_b,0,131,0,0,1,0,0,0,0,1,0,-1,1,-1,0,50,4,0,1,131,0,1,2,1,4,0,2,6,2,4,4,2,11
70,R_3EnDsvWAIogkXzz,Set12_a,0,133,2,0,0,1,1,0,0,0,0,-1,1,1,0,50,4,0,1,131,0,1,2,1,4,0,2,6,2,4,4,2,12
71,R_3EnDsvWAIogkXzz,Set12_b,0,136,5,-1,-1,-1,0,1,0,0,0,1,-1,-1,0,50,4,0,1,131,0,1,2,1,4,0,2,6,2,4,4,2,12
72,R_2EnQRnC5z6MEkB0,Set1_a,1,16,-5,1,0,0,-1,-1,-1,-1,-1,-1,1,-1,0,40,3,0,1,21,1,0,1,5,2,0,4,4,2,5,5,1,1
73,R_2EnQRnC5z6MEkB0,Set1_b,0,21,0,0,1,0,0,0,0,0,1,1,-1,1,0,40,3,0,1,21,1,0,1,5,2,0,4,4,2,5,5,1,1
74,R_2EnQRnC5z6MEkB0,Set2_a,1,16,-5,1,0,0,-1,-1,-1,-1,-1,-1,1,-1,0,40,3,0,1,21,1,0,1,5,2,0,4,4,2,5,5,1,2
75,R_2EnQRnC5z6MEkB0,Set2_b,0,21,0,0,1,0,0,0,0,1,0,1,-1,1,0,40,3,0,1,21,1,0,1,5,2,0,4,4,2,5,5,1,2
76,R_2EnQRnC5z6MEkB0,Set3_a,0,26,5,-1,-1,-1,0,0,1,0,0,1,1,-1,0,40,3,0,1,21,1,0,1,5,2,0,4,4,2,5,5,1,3
77,R_2EnQRnC5z6MEkB0,Set3_b,0,26,5,-1,-1,-1,1,0,0,0,0,-1,-1,1,0,40,3,0,1,21,1,0,1,5,2,0,4,4,2,5,5,1,3
78,R_2EnQRnC5z6MEkB0,Set4_a,0,26,5,-1,-1,-1,0,0,0,1,0,-1,1,1,0,40,3,0,1,21,1,0,1,5,2,0,4,4,2,5,5,1,4
79,R_2EnQRnC5z6MEkB0,Set4_b,0,26,5,-1,-1,-1,1,0,0,0,0,1,1,-1,0,40,3,0,1,21,1,0,1,5,2,0,4,4,2,5,5,1,4
80,R_2EnQRnC5z6MEkB0,Set5_a,0,21,0,0,1,0,0,1,0,0,0,1,-1,1,0,40,3,0,1,21,1,0,1,5,2,0,4,4,2,5,5,1,5
81,R_2EnQRnC5z6MEkB0,Set5_b,0,16,-5,1,0,0,-1,-1,-1,-1,-1,1,-1,-1,0,40,3,0,1,21,1,0,1,5,2,0,4,4,2,5,5,1,5
82,R_2EnQRnC5z6MEkB0,Set6_a,0,23,2,0,0,1,1,0,0,0,0,-1,1,1,0,40,3,0,1,21,1,0,1,5,2,0,4,4,2,5,5,1,6
83,R_2EnQRnC5z6MEkB0,Set6_b,0,16,-5,1,0,0,-1,-1,-1,-1,-1,1,-1,-1,0,40,3,0,1,21,1,0,1,5,2,0,4,4,2,5,5,1,6
84,R_2EnQRnC5z6MEkB0,Set7_a,0,26,5,-1,-1,-1,0,0,0,0,1,1,1,1,0,40,3,0,1,21,1,0,1,5,2,0,4,4,2,5,5,1,7
85,R_2EnQRnC5z6MEkB0,Set7_b,0,26,5,-1,-1,-1,0,0,1,0,0,1,-1,-1,0,40,3,0,1,21,1,0,1,5,2,0,4,4,2,5,5,1,7
86,R_2EnQRnC5z6MEkB0,Set8_a,0,26,5,-1,-1,-1,0,0,1,0,0,-1,1,1,0,40,3,0,1,21,1,0,1,5,2,0,4,4,2,5,5,1,8
87,R_2EnQRnC5z6MEkB0,Set8_b,0,23,2,0,0,1,0,1,0,0,0,1,1,-1,0,40,3,0,1,21,1,0,1,5,2,0,4,4,2,5,5,1,8
88,R_2EnQRnC5z6MEkB0,Set9_a,0,21,0,0,1,0,0,0,1,0,0,-1,-1,1,0,40,3,0,1,21,1,0,1,5,2,0,4,4,2,5,5,1,9
89,R_2EnQRnC5z6MEkB0,Set9_b,0,26,5,-1,-1,-1,1,0,0,0,0,-1,1,-1,0,40,3,0,1,21,1,0,1,5,2,0,4,4,2,5,5,1,9
90,R_2EnQRnC5z6MEkB0,Set10_a,0,23,2,0,0,1,0,0,0,1,0,1,-1,1,0,40,3,0,1,21,1,0,1,5,2,0,4,4,2,5,5,1,10
91,R_2EnQRnC5z6MEkB0,Set10_b,0,21,0,0,1,0,0,0,0,0,1,1,-1,-1,0,40,3,0,1,21,1,0,1,5,2,0,4,4,2,5,5,1,10
92,R_2EnQRnC5z6MEkB0,Set11_a,0,23,2,0,0,1,0,0,0,0,1,1,-1,1,0,40,3,0,1,21,1,0,1,5,2,0,4,4,2,5,5,1,11
93,R_2EnQRnC5z6MEkB0,Set11_b,0,21,0,0,1,0,0,0,0,1,0,-1,1,-1,0,40,3,0,1,21,1,0,1,5,2,0,4,4,2,5,5,1,11
94,R_2EnQRnC5z6MEkB0,Set12_a,0,23,2,0,0,1,1,0,0,0,0,-1,1,1,0,40,3,0,1,21,1,0,1,5,2,0,4,4,2,5,5,1,12
95,R_2EnQRnC5z6MEkB0,Set12_b,0,26,5,-1,-1,-1,0,1,0,0,0,1,-1,-1,0,40,3,0,1,21,1,0,1,5,2,0,4,4,2,5,5,1,12
96,R_2trGXz4cYEDIRpV,Set1_a,0,37,-5,1,0,0,-1,-1,-1,-1,-1,-1,1,-1,0,48,3,0,1,42,1,0,4,4,2,0,4,3,4,3,4,3,1
97,R_2trGXz4cYEDIRpV,Set1_b,1,42,0,0,1,0,0,0,0,0,1,1,-1,1,0,48,3,0,1,42,1,0,4,4,2,0,4,3,4,3,4,3,1
98,R_2trGXz4cYEDIRpV,Set2_a,0,37,-5,1,0,0,-1,-1,-1,-1,-1,-1,1,-1,0,48,3,0,1,42,1,0,4,4,2,0,4,3,4,3,4,3,2
99,R_2trGXz4cYEDIRpV,Set2_b,1,42,0,0,1,0,0,0,0,1,0,1,-1,1,0,48,3,0,1,42,1,0,4,4,2,0,4,3,4,3,4,3,2
100,R_2trGXz4cYEDIRpV,Set3_a,0,47,5,-1,-1,-1,0,0,1,0,0,1,1,-1,0,48,3,0,1,42,1,0,4,4,2,0,4,3,4,3,4,3,3
101,R_2trGXz4cYEDIRpV,Set3_b,1,47,5,-1,-1,-1,1,0,0,0,0,-1,-1,1,0,48,3,0,1,42,1,0,4,4,2,0,4,3,4,3,4,3,3
102,R_2trGXz4cYEDIRpV,Set4_a,0,47,5,-1,-1,-1,0,0,0,1,0,-1,1,1,0,48,3,0,1,42,1,0,4,4,2,0,4,3,4,3,4,3,4
103,R_2trGXz4cYEDIRpV,Set4_b,1,47,5,-1,-1,-1,1,0,0,0,0,1,1,-1,0,48,3,0,1,42,1,0,4,4,2,0,4,3,4,3,4,3,4
104,R_2trGXz4cYEDIRpV,Set5_a,0,42,0,0,1,0,0,1,0,0,0,1,-1,1,0,48,3,0,1,42,1,0,4,4,2,0,4,3,4,3,4,3,5
105,R_2trGXz4cYEDIRpV,Set5_b,1,37,-5,1,0,0,-1,-1,-1,-1,-1,1,-1,-1,0,48,3,0,1,42,1,0,4,4,2,0,4,3,4,3,4,3,5
106,R_2trGXz4cYEDIRpV,Set6_a,1,44,2,0,0,1,1,0,0,0,0,-1,1,1,0,48,3,0,1,42,1,0,4,4,2,0,4,3,4,3,4,3,6
107,R_2trGXz4cYEDIRpV,Set6_b,0,37,-5,1,0,0,-1,-1,-1,-1,-1,1,-1,-1,0,48,3,0,1,42,1,0,4,4,2,0,4,3,4,3,4,3,6
108,R_2trGXz4cYEDIRpV,Set7_a,1,47,5,-1,-1,-1,0,0,0,0,1,1,1,1,0,48,3,0,1,42,1,0,4,4,2,0,4,3,4,3,4,3,7
109,R_2trGXz4cYEDIRpV,Set7_b,0,47,5,-1,-1,-1,0,0,1,0,0,1,-1,-1,0,48,3,0,1,42,1,0,4,4,2,0,4,3,4,3,4,3,7
110,R_2trGXz4cYEDIRpV,Set8_a,0,47,5,-1,-1,-1,0,0,1,0,0,-1,1,1,0,48,3,0,1,42,1,0,4,4,2,0,4,3,4,3,4,3,8
111,R_2trGXz4cYEDIRpV,Set8_b,1,44,2,0,0,1,0,1,0,0,0,1,1,-1,0,48,3,0,1,42,1,0,4,4,2,0,4,3,4,3,4,3,8
112,R_2trGXz4cYEDIRpV,Set9_a,0,42,0,0,1,0,0,0,1,0,0,-1,-1,1,0,48,3,0,1,42,1,0,4,4,2,0,4,3,4,3,4,3,9
113,R_2trGXz4cYEDIRpV,Set9_b,0,47,5,-1,-1,-1,1,0,0,0,0,-1,1,-1,0,48,3,0,1,42,1,0,4,4,2,0,4,3,4,3,4,3,9
114,R_2trGXz4cYEDIRpV,Set10_a,0,44,2,0,0,1,0,0,0,1,0,1,-1,1,0,48,3,0,1,42,1,0,4,4,2,0,4,3,4,3,4,3,10
115,R_2trGXz4cYEDIRpV,Set10_b,0,42,0,0,1,0,0,0,0,0,1,1,-1,-1,0,48,3,0,1,42,1,0,4,4,2,0,4,3,4,3,4,3,10
116,R_2trGXz4cYEDIRpV,Set11_a,0,44,2,0,0,1,0,0,0,0,1,1,-1,1,0,48,3,0,1,42,1,0,4,4,2,0,4,3,4,3,4,3,11
117,R_2trGXz4cYEDIRpV,Set11_b,0,42,0,0,1,0,0,0,0,1,0,-1,1,-1,0,48,3,0,1,42,1,0,4,4,2,0,4,3,4,3,4,3,11
118,R_2trGXz4cYEDIRpV,Set12_a,0,44,2,0,0,1,1,0,0,0,0,-1,1,1,0,48,3,0,1,42,1,0,4,4,2,0,4,3,4,3,4,3,12
119,R_2trGXz4cYEDIRpV,Set12_b,0,47,5,-1,-1,-1,0,1,0,0,0,1,-1,-1,0,48,3,0,1,42,1,0,4,4,2,0,4,3,4,3,4,3,12
120,R_3Don6Yln25DC0o5,Set1_a,1,53,-5,1,0,0,-1,-1,-1,-1,-1,-1,1,-1,1,66,1,0,0,58,0,1,1,3,3,0,1,3,3,5,5,1,1
121,R_3Don6Yln25DC0o5,Set1_b,0,58,0,0,1,0,0,0,0,0,1,1,-1,1,1,66,1,0,0,58,0,1,1,3,3,0,1,3,3,5,5,1,1
122,R_3Don6Yln25DC0o5,Set2_a,0,53,-5,1,0,0,-1,-1,-1,-1,-1,-1,1,-1,1,66,1,0,0,58,0,1,1,3,3,0,1,3,3,5,5,1,2
123,R_3Don6Yln25DC0o5,Set2_b,1,58,0,0,1,0,0,0,0,1,0,1,-1,1,1,66,1,0,0,58,0,1,1,3,3,0,1,3,3,5,5,1,2
124,R_3Don6Yln25DC0o5,Set3_a,1,63,5,-1,-1,-1,0,0,1,0,0,1,1,-1,1,66,1,0,0,58,0,1,1,3,3,0,1,3,3,5,5,1,3
125,R_3Don6Yln25DC0o5,Set3_b,0,63,5,-1,-1,-1,1,0,0,0,0,-1,-1,1,1,66,1,0,0,58,0,1,1,3,3,0,1,3,3,5,5,1,3
126,R_3Don6Yln25DC0o5,Set4_a,1,63,5,-1,-1,-1,0,0,0,1,0,-1,1,1,1,66,1,0,0,58,0,1,1,3,3,0,1,3,3,5,5,1,4
127,R_3Don6Yln25DC0o5,Set4_b,0,63,5,-1,-1,-1,1,0,0,0,0,1,1,-1,1,66,1,0,0,58,0,1,1,3,3,0,1,3,3,5,5,1,4
128,R_3Don6Yln25DC0o5,Set5_a,0,58,0,0,1,0,0,1,0,0,0,1,-1,1,1,66,1,0,0,58,0,1,1,3,3,0,1,3,3,5,5,1,5
129,R_3Don6Yln25DC0o5,Set5_b,0,53,-5,1,0,0,-1,-1,-1,-1,-1,1,-1,-1,1,66,1,0,0,58,0,1,1,3,3,0,1,3,3,5,5,1,5
130,R_3Don6Yln25DC0o5,Set6_a,0,60,2,0,0,1,1,0,0,0,0,-1,1,1,1,66,1,0,0,58,0,1,1,3,3,0,1,3,3,5,5,1,6
131,R_3Don6Yln25DC0o5,Set6_b,0,53,-5,1,0,0,-1,-1,-1,-1,-1,1,-1,-1,1,66,1,0,0,58,0,1,1,3,3,0,1,3,3,5,5,1,6
132,R_3Don6Yln25DC0o5,Set7_a,0,63,5,-1,-1,-1,0,0,0,0,1,1,1,1,1,66,1,0,0,58,0,1,1,3,3,0,1,3,3,5,5,1,7
133,R_3Don6Yln25DC0o5,Set7_b,0,63,5,-1,-1,-1,0,0,1,0,0,1,-1,-1,1,66,1,0,0,58,0,1,1,3,3,0,1,3,3,5,5,1,7
134,R_3Don6Yln25DC0o5,Set8_a,0,63,5,-1,-1,-1,0,0,1,0,0,-1,1,1,1,66,1,0,0,58,0,1,1,3,3,0,1,3,3,5,5,1,8
135,R_3Don6Yln25DC0o5,Set8_b,0,60,2,0,0,1,0,1,0,0,0,1,1,-1,1,66,1,0,0,58,0,1,1,3,3,0,1,3,3,5,5,1,8
136,R_3Don6Yln25DC0o5,Set9_a,0,58,0,0,1,0,0,0,1,0,0,-1,-1,1,1,66,1,0,0,58,0,1,1,3,3,0,1,3,3,5,5,1,9
137,R_3Don6Yln25DC0o5,Set9_b,0,63,5,-1,-1,-1,1,0,0,0,0,-1,1,-1,1,66,1,0,0,58,0,1,1,3,3,0,1,3,3,5,5,1,9
138,R_3Don6Yln25DC0o5,Set10_a,0,60,2,0,0,1,0,0,0,1,0,1,-1,1,1,66,1,0,0,58,0,1,1,3,3,0,1,3,3,5,5,1,10
139,R_3Don6Yln25DC0o5,Set10_b,0,58,0,0,1,0,0,0,0,0,1,1,-1,-1,1,66,1,0,0,58,0,1,1,3,3,0,1,3,3,5,5,1,10
140,R_3Don6Yln25DC0o5,Set11_a,0,60,2,0,0,1,0,0,0,0,1,1,-1,1,1,66,1,0,0,58,0,1,1,3,3,0,1,3,3,5,5,1,11
141,R_3Don6Yln25DC0o5,Set11_b,0,58,0,0,1,0,0,0,0,1,0,-1,1,-1,1,66,1,0,0,58,0,1,1,3,3,0,1,3,3,5,5,1,11
142,R_3Don6Yln25DC0o5,Set12_a,0,60,2,0,0,1,1,0,0,0,0,-1,1,1,1,66,1,0,0,58,0,1,1,3,3,0,1,3,3,5,5,1,12
143,R_3Don6Yln25DC0o5,Set12_b,0,63,5,-1,-1,-1,0,1,0,0,0,1,-1,-1,1,66,1,0,0,58,0,1,1,3,3,0,1,3,3,5,5,1,12
144,R_3kMrDfvEZspW2kd,Set1_a,0,15,-5,1,0,0,-1,-1,-1,-1,-1,-1,1,-1,0,31,2,0,1,20,0,1,2,2,4,0,2,4,1,5,5,1,1
145,R_3kMrDfvEZspW2kd,Set1_b,1,20,0,0,1,0,0,0,0,0,1,1,-1,1,0,31,2,0,1,20,0,1,2,2,4,0,2,4,1,5,5,1,1
146,R_3kMrDfvEZspW2kd,Set2_a,0,15,-5,1,0,0,-1,-1,-1,-1,-1,-1,1,-1,0,31,2,0,1,20,0,1,2,2,4,0,2,4,1,5,5,1,2
147,R_3kMrDfvEZspW2kd,Set2_b,1,20,0,0,1,0,0,0,0,1,0,1,-1,1,0,31,2,0,1,20,0,1,2,2,4,0,2,4,1,5,5,1,2
148,R_3kMrDfvEZspW2kd,Set3_a,0,25,5,-1,-1,-1,0,0,1,0,0,1,1,-1,0,31,2,0,1,20,0,1,2,2,4,0,2,4,1,5,5,1,3
149,R_3kMrDfvEZspW2kd,Set3_b,0,25,5,-1,-1,-1,1,0,0,0,0,-1,-1,1,0,31,2,0,1,20,0,1,2,2,4,0,2,4,1,5,5,1,3
150,R_3kMrDfvEZspW2kd,Set4_a,0,25,5,-1,-1,-1,0,0,0,1,0,-1,1,1,0,31,2,0,1,20,0,1,2,2,4,0,2,4,1,5,5,1,4
151,R_3kMrDfvEZspW2kd,Set4_b,0,25,5,-1,-1,-1,1,0,0,0,0,1,1,-1,0,31,2,0,1,20,0,1,2,2,4,0,2,4,1,5,5,1,4
152,R_3kMrDfvEZspW2kd,Set5_a,0,20,0,0,1,0,0,1,0,0,0,1,-1,1,0,31,2,0,1,20,0,1,2,2,4,0,2,4,1,5,5,1,5
153,R_3kMrDfvEZspW2kd,Set5_b,0,15,-5,1,0,0,-1,-1,-1,-1,-1,1,-1,-1,0,31,2,0,1,20,0,1,2,2,4,0,2,4,1,5,5,1,5
154,R_3kMrDfvEZspW2kd,Set6_a,0,22,2,0,0,1,1,0,0,0,0,-1,1,1,0,31,2,0,1,20,0,1,2,2,4,0,2,4,1,5,5,1,6
155,R_3kMrDfvEZspW2kd,Set6_b,0,15,-5,1,0,0,-1,-1,-1,-1,-1,1,-1,-1,0,31,2,0,1,20,0,1,2,2,4,0,2,4,1,5,5,1,6
156,R_3kMrDfvEZspW2kd,Set7_a,0,25,5,-1,-1,-1,0,0,0,0,1,1,1,1,0,31,2,0,1,20,0,1,2,2,4,0,2,4,1,5,5,1,7
157,R_3kMrDfvEZspW2kd,Set7_b,0,25,5,-1,-1,-1,0,0,1,0,0,1,-1,-1,0,31,2,0,1,20,0,1,2,2,4,0,2,4,1,5,5,1,7
158,R_3kMrDfvEZspW2kd,Set8_a,0,25,5,-1,-1,-1,0,0,1,0,0,-1,1,1,0,31,2,0,1,20,0,1,2,2,4,0,2,4,1,5,5,1,8
159,R_3kMrDfvEZspW2kd,Set8_b,0,22,2,0,0,1,0,1,0,0,0,1,1,-1,0,31,2,0,1,20,0,1,2,2,4,0,2,4,1,5,5,1,8
160,R_3kMrDfvEZspW2kd,Set9_a,0,20,0,0,1,0,0,0,1,0,0,-1,-1,1,0,31,2,0,1,20,0,1,2,2,4,0,2,4,1,5,5,1,9
161,R_3kMrDfvEZspW2kd,Set9_b,0,25,5,-1,-1,-1,1,0,0,0,0,-1,1,-1,0,31,2,0,1,20,0,1,2,2,4,0,2,4,1,5,5,1,9
162,R_3kMrDfvEZspW2kd,Set10_a,0,22,2,0,0,1,0,0,0,1,0,1,-1,1,0,31,2,0,1,20,0,1,2,2,4,0,2,4,1,5,5,1,10
163,R_3kMrDfvEZspW2kd,Set10_b,0,20,0,0,1,0,0,0,0,0,1,1,-1,-1,0,31,2,0,1,20,0,1,2,2,4,0,2,4,1,5,5,1,10
164,R_3kMrDfvEZspW2kd,Set11_a,0,22,2,0,0,1,0,0,0,0,1,1,-1,1,0,31,2,0,1,20,0,1,2,2,4,0,2,4,1,5,5,1,11
165,R_3kMrDfvEZspW2kd,Set11_b,0,20,0,0,1,0,0,0,0,1,0,-1,1,-1,0,31,2,0,1,20,0,1,2,2,4,0,2,4,1,5,5,1,11
166,R_3kMrDfvEZspW2kd,Set12_a,0,22,2,0,0,1,1,0,0,0,0,-1,1,1,0,31,2,0,1,20,0,1,2,2,4,0,2,4,1,5,5,1,12
167,R_3kMrDfvEZspW2kd,Set12_b,0,25,5,-1,-1,-1,0,1,0,0,0,1,-1,-1,0,31,2,0,1,20,0,1,2,2,4,0,2,4,1,5,5,1,12
168,R_3Mg26j5vNy3yWt8,Set1_a,0,82,-5,1,0,0,-1,-1,-1,-1,-1,-1,1,-1,0,48,5,0,1,87,1,0,7,2,4,0,3,5,2,4,5,3,1
169,R_3Mg26j5vNy3yWt8,Set1_b,1,87,0,0,1,0,0,0,0,0,1,1,-1,1,0,48,5,0,1,87,1,0,7,2,4,0,3,5,2,4,5,3,1
170,R_3Mg26j5vNy3yWt8,Set2_a,0,82,-5,1,0,0,-1,-1,-1,-1,-1,-1,1,-1,0,48,5,0,1,87,1,0,7,2,4,0,3,5,2,4,5,3,2
171,R_3Mg26j5vNy3yWt8,Set2_b,1,87,0,0,1,0,0,0,0,1,0,1,-1,1,0,48,5,0,1,87,1,0,7,2,4,0,3,5,2,4,5,3,2
172,R_3Mg26j5vNy3yWt8,Set3_a,0,92,5,-1,-1,-1,0,0,1,0,0,1,1,-1,0,48,5,0,1,87,1,0,7,2,4,0,3,5,2,4,5,3,3
173,R_3Mg26j5vNy3yWt8,Set3_b,0,92,5,-1,-1,-1,1,0,0,0,0,-1,-1,1,0,48,5,0,1,87,1,0,7,2,4,0,3,5,2,4,5,3,3
174,R_3Mg26j5vNy3yWt8,Set4_a,0,92,5,-1,-1,-1,0,0,0,1,0,-1,1,1,0,48,5,0,1,87,1,0,7,2,4,0,3,5,2,4,5,3,4
175,R_3Mg26j5vNy3yWt8,Set4_b,0,92,5,-1,-1,-1,1,0,0,0,0,1,1,-1,0,48,5,0,1,87,1,0,7,2,4,0,3,5,2,4,5,3,4
176,R_3Mg26j5vNy3yWt8,Set5_a,0,87,0,0,1,0,0,1,0,0,0,1,-1,1,0,48,5,0,1,87,1,0,7,2,4,0,3,5,2,4,5,3,5
177,R_3Mg26j5vNy3yWt8,Set5_b,0,82,-5,1,0,0,-1,-1,-1,-1,-1,1,-1,-1,0,48,5,0,1,87,1,0,7,2,4,0,3,5,2,4,5,3,5
178,R_3Mg26j5vNy3yWt8,Set6_a,0,89,2,0,0,1,1,0,0,0,0,-1,1,1,0,48,5,0,1,87,1,0,7,2,4,0,3,5,2,4,5,3,6
179,R_3Mg26j5vNy3yWt8,Set6_b,0,82,-5,1,0,0,-1,-1,-1,-1,-1,1,-1,-1,0,48,5,0,1,87,1,0,7,2,4,0,3,5,2,4,5,3,6
180,R_3Mg26j5vNy3yWt8,Set7_a,0,92,5,-1,-1,-1,0,0,0,0,1,1,1,1,0,48,5,0,1,87,1,0,7,2,4,0,3,5,2,4,5,3,7
181,R_3Mg26j5vNy3yWt8,Set7_b,0,92,5,-1,-1,-1,0,0,1,0,0,1,-1,-1,0,48,5,0,1,87,1,0,7,2,4,0,3,5,2,4,5,3,7
182,R_3Mg26j5vNy3yWt8,Set8_a,0,92,5,-1,-1,-1,0,0,1,0,0,-1,1,1,0,48,5,0,1,87,1,0,7,2,4,0,3,5,2,4,5,3,8
183,R_3Mg26j5vNy3yWt8,Set8_b,0,89,2,0,0,1,0,1,0,0,0,1,1,-1,0,48,5,0,1,87,1,0,7,2,4,0,3,5,2,4,5,3,8
184,R_3Mg26j5vNy3yWt8,Set9_a,0,87,0,0,1,0,0,0,1,0,0,-1,-1,1,0,48,5,0,1,87,1,0,7,2,4,0,3,5,2,4,5,3,9
185,R_3Mg26j5vNy3yWt8,Set9_b,0,92,5,-1,-1,-1,1,0,0,0,0,-1,1,-1,0,48,5,0,1,87,1,0,7,2,4,0,3,5,2,4,5,3,9
186,R_3Mg26j5vNy3yWt8,Set10_a,0,89,2,0,0,1,0,0,0,1,0,1,-1,1,0,48,5,0,1,87,1,0,7,2,4,0,3,5,2,4,5,3,10
187,R_3Mg26j5vNy3yWt8,Set10_b,0,87,0,0,1,0,0,0,0,0,1,1,-1,-1,0,48,5,0,1,87,1,0,7,2,4,0,3,5,2,4,5,3,10
188,R_3Mg26j5vNy3yWt8,Set11_a,0,89,2,0,0,1,0,0,0,0,1,1,-1,1,0,48,5,0,1,87,1,0,7,2,4,0,3,5,2,4,5,3,11
189,R_3Mg26j5vNy3yWt8,Set11_b,0,87,0,0,1,0,0,0,0,1,0,-1,1,-1,0,48,5,0,1,87,1,0,7,2,4,0,3,5,2,4,5,3,11
190,R_3Mg26j5vNy3yWt8,Set12_a,0,89,2,0,0,1,1,0,0,0,0,-1,1,1,0,48,5,0,1,87,1,0,7,2,4,0,3,5,2,4,5,3,12
191,R_3Mg26j5vNy3yWt8,Set12_b,0,92,5,-1,-1,-1,0,1,0,0,0,1,-1,-1,0,48,5,0,1,87,1,0,7,2,4,0,3,5,2,4,5,3,12
192,R_UDE1Xrj0UjDvJUB,Set1_a,1,30,-5,1,0,0,-1,-1,-1,-1,-1,-1,1,-1,0,57,3,0,1,35,0,0,2,2,5,0,4,4,3,5,5,2,1
193,R_UDE1Xrj0UjDvJUB,Set1_b,0,35,0,0,1,0,0,0,0,0,1,1,-1,1,0,57,3,0,1,35,0,0,2,2,5,0,4,4,3,5,5,2,1
194,R_UDE1Xrj0UjDvJUB,Set2_a,0,30,-5,1,0,0,-1,-1,-1,-1,-1,-1,1,-1,0,57,3,0,1,35,0,0,2,2,5,0,4,4,3,5,5,2,2
195,R_UDE1Xrj0UjDvJUB,Set2_b,1,35,0,0,1,0,0,0,0,1,0,1,-1,1,0,57,3,0,1,35,0,0,2,2,5,0,4,4,3,5,5,2,2
196,R_UDE1Xrj0UjDvJUB,Set3_a,1,40,5,-1,-1,-1,0,0,1,0,0,1,1,-1,0,57,3,0,1,35,0,0,2,2,5,0,4,4,3,5,5,2,3
197,R_UDE1Xrj0UjDvJUB,Set3_b,0,40,5,-1,-1,-1,1,0,0,0,0,-1,-1,1,0,57,3,0,1,35,0,0,2,2,5,0,4,4,3,5,5,2,3
198,R_UDE1Xrj0UjDvJUB,Set4_a,0,40,5,-1,-1,-1,0,0,0,1,0,-1,1,1,0,57,3,0,1,35,0,0,2,2,5,0,4,4,3,5,5,2,4
199,R_UDE1Xrj0UjDvJUB,Set4_b,1,40,5,-1,-1,-1,1,0,0,0,0,1,1,-1,0,57,3,0,1,35,0,0,2,2,5,0,4,4,3,5,5,2,4
200,R_UDE1Xrj0UjDvJUB,Set5_a,0,35,0,0,1,0,0,1,0,0,0,1,-1,1,0,57,3,0,1,35,0,0,2,2,5,0,4,4,3,5,5,2,5
201,R_UDE1Xrj0UjDvJUB,Set5_b,1,30,-5,1,0,0,-1,-1,-1,-1,-1,1,-1,-1,0,57,3,0,1,35,0,0,2,2,5,0,4,4,3,5,5,2,5
202,R_UDE1Xrj0UjDvJUB,Set6_a,1,37,2,0,0,1,1,0,0,0,0,-1,1,1,0,57,3,0,1,35,0,0,2,2,5,0,4,4,3,5,5,2,6
203,R_UDE1Xrj0UjDvJUB,Set6_b,0,30,-5,1,0,0,-1,-1,-1,-1,-1,1,-1,-1,0,57,3,0,1,35,0,0,2,2,5,0,4,4,3,5,5,2,6
204,R_UDE1Xrj0UjDvJUB,Set7_a,0,40,5,-1,-1,-1,0,0,0,0,1,1,1,1,0,57,3,0,1,35,0,0,2,2,5,0,4,4,3,5,5,2,7
205,R_UDE1Xrj0UjDvJUB,Set7_b,1,40,5,-1,-1,-1,0,0,1,0,0,1,-1,-1,0,57,3,0,1,35,0,0,2,2,5,0,4,4,3,5,5,2,7
206,R_UDE1Xrj0UjDvJUB,Set8_a,1,40,5,-1,-1,-1,0,0,1,0,0,-1,1,1,0,57,3,0,1,35,0,0,2,2,5,0,4,4,3,5,5,2,8
207,R_UDE1Xrj0UjDvJUB,Set8_b,0,37,2,0,0,1,0,1,0,0,0,1,1,-1,0,57,3,0,1,35,0,0,2,2,5,0,4,4,3,5,5,2,8
208,R_UDE1Xrj0UjDvJUB,Set9_a,1,35,0,0,1,0,0,0,1,0,0,-1,-1,1,0,57,3,0,1,35,0,0,2,2,5,0,4,4,3,5,5,2,9
209,R_UDE1Xrj0UjDvJUB,Set9_b,0,40,5,-1,-1,-1,1,0,0,0,0,-1,1,-1,0,57,3,0,1,35,0,0,2,2,5,0,4,4,3,5,5,2,9
210,R_UDE1Xrj0UjDvJUB,Set10_a,1,37,2,0,0,1,0,0,0,1,0,1,-1,1,0,57,3,0,1,35,0,0,2,2,5,0,4,4,3,5,5,2,10
211,R_UDE1Xrj0UjDvJUB,Set10_b,0,35,0,0,1,0,0,0,0,0,1,1,-1,-1,0,57,3,0,1,35,0,0,2,2,5,0,4,4,3,5,5,2,10
212,R_UDE1Xrj0UjDvJUB,Set11_a,0,37,2,0,0,1,0,0,0,0,1,1,-1,1,0,57,3,0,1,35,0,0,2,2,5,0,4,4,3,5,5,2,11
213,R_UDE1Xrj0UjDvJUB,Set11_b,0,35,0,0,1,0,0,0,0,1,0,-1,1,-1,0,57,3,0,1,35,0,0,2,2,5,0,4,4,3,5,5,2,11
214,R_UDE1Xrj0UjDvJUB,Set12_a,0,37,2,0,0,1,1,0,0,0,0,-1,1,1,0,57,3,0,1,35,0,0,2,2,5,0,4,4,3,5,5,2,12
215,R_UDE1Xrj0UjDvJUB,Set12_b,0,40,5,-1,-1,-1,0,1,0,0,0,1,-1,-1,0,57,3,0,1,35,0,0,2,2,5,0,4,4,3,5,5,2,12
216,R_2aY7R6KLtMHfqlA,Set1_a,1,195,-5,1,0,0,-1,-1,-1,-1,-1,-1,1,-1,1,20,6,0,0,200,0,1,3,3,4,0,3,7,3,5,3,1,1
217,R_2aY7R6KLtMHfqlA,Set1_b,0,200,0,0,1,0,0,0,0,0,1,1,-1,1,1,20,6,0,0,200,0,1,3,3,4,0,3,7,3,5,3,1,1
218,R_2aY7R6KLtMHfqlA,Set2_a,1,195,-5,1,0,0,-1,-1,-1,-1,-1,-1,1,-1,1,20,6,0,0,200,0,1,3,3,4,0,3,7,3,5,3,1,2
219,R_2aY7R6KLtMHfqlA,Set2_b,0,200,0,0,1,0,0,0,0,1,0,1,-1,1,1,20,6,0,0,200,0,1,3,3,4,0,3,7,3,5,3,1,2
220,R_2aY7R6KLtMHfqlA,Set3_a,1,205,5,-1,-1,-1,0,0,1,0,0,1,1,-1,1,20,6,0,0,200,0,1,3,3,4,0,3,7,3,5,3,1,3
221,R_2aY7R6KLtMHfqlA,Set3_b,0,205,5,-1,-1,-1,1,0,0,0,0,-1,-1,1,1,20,6,0,0,200,0,1,3,3,4,0,3,7,3,5,3,1,3
222,R_2aY7R6KLtMHfqlA,Set4_a,0,205,5,-1,-1,-1,0,0,0,1,0,-1,1,1,1,20,6,0,0,200,0,1,3,3,4,0,3,7,3,5,3,1,4
223,R_2aY7R6KLtMHfqlA,Set4_b,1,205,5,-1,-1,-1,1,0,0,0,0,1,1,-1,1,20,6,0,0,200,0,1,3,3,4,0,3,7,3,5,3,1,4
224,R_2aY7R6KLtMHfqlA,Set5_a,0,200,0,0,1,0,0,1,0,0,0,1,-1,1,1,20,6,0,0,200,0,1,3,3,4,0,3,7,3,5,3,1,5
225,R_2aY7R6KLtMHfqlA,Set5_b,1,195,-5,1,0,0,-1,-1,-1,-1,-1,1,-1,-1,1,20,6,0,0,200,0,1,3,3,4,0,3,7,3,5,3,1,5
226,R_2aY7R6KLtMHfqlA,Set6_a,0,202,2,0,0,1,1,0,0,0,0,-1,1,1,1,20,6,0,0,200,0,1,3,3,4,0,3,7,3,5,3,1,6
227,R_2aY7R6KLtMHfqlA,Set6_b,1,195,-5,1,0,0,-1,-1,-1,-1,-1,1,-1,-1,1,20,6,0,0,200,0,1,3,3,4,0,3,7,3,5,3,1,6
228,R_2aY7R6KLtMHfqlA,Set7_a,0,205,5,-1,-1,-1,0,0,0,0,1,1,1,1,1,20,6,0,0,200,0,1,3,3,4,0,3,7,3,5,3,1,7
229,R_2aY7R6KLtMHfqlA,Set7_b,1,205,5,-1,-1,-1,0,0,1,0,0,1,-1,-1,1,20,6,0,0,200,0,1,3,3,4,0,3,7,3,5,3,1,7
230,R_2aY7R6KLtMHfqlA,Set8_a,0,205,5,-1,-1,-1,0,0,1,0,0,-1,1,1,1,20,6,0,0,200,0,1,3,3,4,0,3,7,3,5,3,1,8
231,R_2aY7R6KLtMHfqlA,Set8_b,1,202,2,0,0,1,0,1,0,0,0,1,1,-1,1,20,6,0,0,200,0,1,3,3,4,0,3,7,3,5,3,1,8
232,R_2aY7R6KLtMHfqlA,Set9_a,1,200,0,0,1,0,0,0,1,0,0,-1,-1,1,1,20,6,0,0,200,0,1,3,3,4,0,3,7,3,5,3,1,9
233,R_2aY7R6KLtMHfqlA,Set9_b,0,205,5,-1,-1,-1,1,0,0,0,0,-1,1,-1,1,20,6,0,0,200,0,1,3,3,4,0,3,7,3,5,3,1,9
234,R_2aY7R6KLtMHfqlA,Set10_a,0,202,2,0,0,1,0,0,0,1,0,1,-1,1,1,20,6,0,0,200,0,1,3,3,4,0,3,7,3,5,3,1,10
235,R_2aY7R6KLtMHfqlA,Set10_b,1,200,0,0,1,0,0,0,0,0,1,1,-1,-1,1,20,6,0,0,200,0,1,3,3,4,0,3,7,3,5,3,1,10
236,R_2aY7R6KLtMHfqlA,Set11_a,0,202,2,0,0,1,0,0,0,0,1,1,-1,1,1,20,6,0,0,200,0,1,3,3,4,0,3,7,3,5,3,1,11
237,R_2aY7R6KLtMHfqlA,Set11_b,1,200,0,0,1,0,0,0,0,1,0,-1,1,-1,1,20,6,0,0,200,0,1,3,3,4,0,3,7,3,5,3,1,11
238,R_2aY7R6KLtMHfqlA,Set12_a,0,202,2,0,0,1,1,0,0,0,0,-1,1,1,1,20,6,0,0,200,0,1,3,3,4,0,3,7,3,5,3,1,12
239,R_2aY7R6KLtMHfqlA,Set12_b,0,205,5,-1,-1,-1,0,1,0,0,0,1,-1,-1,1,20,6,0,0,200,0,1,3,3,4,0,3,7,3,5,3,1,12
240,R_r8bb9T6nYZTIRfr,Set1_a,1,55,-5,1,0,0,-1,-1,-1,-1,-1,-1,1,-1,0,45,6,0,1,60,1,0,3,2,4,0,2,6,3,4,5,3,1
241,R_r8bb9T6nYZTIRfr,Set1_b,0,60,0,0,1,0,0,0,0,0,1,1,-1,1,0,45,6,0,1,60,1,0,3,2,4,0,2,6,3,4,5,3,1
242,R_r8bb9T6nYZTIRfr,Set2_a,1,55,-5,1,0,0,-1,-1,-1,-1,-1,-1,1,-1,0,45,6,0,1,60,1,0,3,2,4,0,2,6,3,4,5,3,2
243,R_r8bb9T6nYZTIRfr,Set2_b,0,60,0,0,1,0,0,0,0,1,0,1,-1,1,0,45,6,0,1,60,1,0,3,2,4,0,2,6,3,4,5,3,2
244,R_r8bb9T6nYZTIRfr,Set3_a,1,65,5,-1,-1,-1,0,0,1,0,0,1,1,-1,0,45,6,0,1,60,1,0,3,2,4,0,2,6,3,4,5,3,3
245,R_r8bb9T6nYZTIRfr,Set3_b,0,65,5,-1,-1,-1,1,0,0,0,0,-1,-1,1,0,45,6,0,1,60,1,0,3,2,4,0,2,6,3,4,5,3,3
246,R_r8bb9T6nYZTIRfr,Set4_a,0,65,5,-1,-1,-1,0,0,0,1,0,-1,1,1,0,45,6,0,1,60,1,0,3,2,4,0,2,6,3,4,5,3,4
247,R_r8bb9T6nYZTIRfr,Set4_b,0,65,5,-1,-1,-1,1,0,0,0,0,1,1,-1,0,45,6,0,1,60,1,0,3,2,4,0,2,6,3,4,5,3,4
248,R_r8bb9T6nYZTIRfr,Set5_a,0,60,0,0,1,0,0,1,0,0,0,1,-1,1,0,45,6,0,1,60,1,0,3,2,4,0,2,6,3,4,5,3,5
249,R_r8bb9T6nYZTIRfr,Set5_b,0,55,-5,1,0,0,-1,-1,-1,-1,-1,1,-1,-1,0,45,6,0,1,60,1,0,3,2,4,0,2,6,3,4,5,3,5
250,R_r8bb9T6nYZTIRfr,Set6_a,0,62,2,0,0,1,1,0,0,0,0,-1,1,1,0,45,6,0,1,60,1,0,3,2,4,0,2,6,3,4,5,3,6
251,R_r8bb9T6nYZTIRfr,Set6_b,0,55,-5,1,0,0,-1,-1,-1,-1,-1,1,-1,-1,0,45,6,0,1,60,1,0,3,2,4,0,2,6,3,4,5,3,6
252,R_r8bb9T6nYZTIRfr,Set7_a,0,65,5,-1,-1,-1,0,0,0,0,1,1,1,1,0,45,6,0,1,60,1,0,3,2,4,0,2,6,3,4,5,3,7
253,R_r8bb9T6nYZTIRfr,Set7_b,0,65,5,-1,-1,-1,0,0,1,0,0,1,-1,-1,0,45,6,0,1,60,1,0,3,2,4,0,2,6,3,4,5,3,7
254,R_r8bb9T6nYZTIRfr,Set8_a,0,65,5,-1,-1,-1,0,0,1,0,0,-1,1,1,0,45,6,0,1,60,1,0,3,2,4,0,2,6,3,4,5,3,8
255,R_r8bb9T6nYZTIRfr,Set8_b,0,62,2,0,0,1,0,1,0,0,0,1,1,-1,0,45,6,0,1,60,1,0,3,2,4,0,2,6,3,4,5,3,8
256,R_r8bb9T6nYZTIRfr,Set9_a,0,60,0,0,1,0,0,0,1,0,0,-1,-1,1,0,45,6,0,1,60,1,0,3,2,4,0,2,6,3,4,5,3,9
257,R_r8bb9T6nYZTIRfr,Set9_b,0,65,5,-1,-1,-1,1,0,0,0,0,-1,1,-1,0,45,6,0,1,60,1,0,3,2,4,0,2,6,3,4,5,3,9
258,R_r8bb9T6nYZTIRfr,Set10_a,0,62,2,0,0,1,0,0,0,1,0,1,-1,1,0,45,6,0,1,60,1,0,3,2,4,0,2,6,3,4,5,3,10
259,R_r8bb9T6nYZTIRfr,Set10_b,0,60,0,0,1,0,0,0,0,0,1,1,-1,-1,0,45,6,0,1,60,1,0,3,2,4,0,2,6,3,4,5,3,10
260,R_r8bb9T6nYZTIRfr,Set11_a,0,62,2,0,0,1,0,0,0,0,1,1,-1,1,0,45,6,0,1,60,1,0,3,2,4,0,2,6,3,4,5,3,11
261,R_r8bb9T6nYZTIRfr,Set11_b,0,60,0,0,1,0,0,0,0,1,0,-1,1,-1,0,45,6,0,1,60,1,0,3,2,4,0,2,6,3,4,5,3,11
262,R_r8bb9T6nYZTIRfr,Set12_a,0,62,2,0,0,1,1,0,0,0,0,-1,1,1,0,45,6,0,1,60,1,0,3,2,4,0,2,6,3,4,5,3,12
263,R_r8bb9T6nYZTIRfr,Set12_b,0,65,5,-1,-1,-1,0,1,0,0,0,1,-1,-1,0,45,6,0,1,60,1,0,3,2,4,0,2,6,3,4,5,3,12
264,R_3HqcKQZSgll15IK,Set1_a,0,100,-5,1,0,0,-1,-1,-1,-1,-1,-1,1,-1,1,25,6,0,1,105,0,1,5,3,3,0,1,6,2,1,5,3,1
265,R_3HqcKQZSgll15IK,Set1_b,1,105,0,0,1,0,0,0,0,0,1,1,-1,1,1,25,6,0,1,105,0,1,5,3,3,0,1,6,2,1,5,3,1
266,R_3HqcKQZSgll15IK,Set2_a,1,100,-5,1,0,0,-1,-1,-1,-1,-1,-1,1,-1,1,25,6,0,1,105,0,1,5,3,3,0,1,6,2,1,5,3,2
267,R_3HqcKQZSgll15IK,Set2_b,0,105,0,0,1,0,0,0,0,1,0,1,-1,1,1,25,6,0,1,105,0,1,5,3,3,0,1,6,2,1,5,3,2
268,R_3HqcKQZSgll15IK,Set3_a,0,110,5,-1,-1,-1,0,0,1,0,0,1,1,-1,1,25,6,0,1,105,0,1,5,3,3,0,1,6,2,1,5,3,3
269,R_3HqcKQZSgll15IK,Set3_b,0,110,5,-1,-1,-1,1,0,0,0,0,-1,-1,1,1,25,6,0,1,105,0,1,5,3,3,0,1,6,2,1,5,3,3
270,R_3HqcKQZSgll15IK,Set4_a,0,110,5,-1,-1,-1,0,0,0,1,0,-1,1,1,1,25,6,0,1,105,0,1,5,3,3,0,1,6,2,1,5,3,4
271,R_3HqcKQZSgll15IK,Set4_b,0,110,5,-1,-1,-1,1,0,0,0,0,1,1,-1,1,25,6,0,1,105,0,1,5,3,3,0,1,6,2,1,5,3,4
272,R_3HqcKQZSgll15IK,Set5_a,0,105,0,0,1,0,0,1,0,0,0,1,-1,1,1,25,6,0,1,105,0,1,5,3,3,0,1,6,2,1,5,3,5
273,R_3HqcKQZSgll15IK,Set5_b,0,100,-5,1,0,0,-1,-1,-1,-1,-1,1,-1,-1,1,25,6,0,1,105,0,1,5,3,3,0,1,6,2,1,5,3,5
274,R_3HqcKQZSgll15IK,Set6_a,0,107,2,0,0,1,1,0,0,0,0,-1,1,1,1,25,6,0,1,105,0,1,5,3,3,0,1,6,2,1,5,3,6
275,R_3HqcKQZSgll15IK,Set6_b,0,100,-5,1,0,0,-1,-1,-1,-1,-1,1,-1,-1,1,25,6,0,1,105,0,1,5,3,3,0,1,6,2,1,5,3,6
276,R_3HqcKQZSgll15IK,Set7_a,0,110,5,-1,-1,-1,0,0,0,0,1,1,1,1,1,25,6,0,1,105,0,1,5,3,3,0,1,6,2,1,5,3,7
277,R_3HqcKQZSgll15IK,Set7_b,0,110,5,-1,-1,-1,0,0,1,0,0,1,-1,-1,1,25,6,0,1,105,0,1,5,3,3,0,1,6,2,1,5,3,7
278,R_3HqcKQZSgll15IK,Set8_a,0,110,5,-1,-1,-1,0,0,1,0,0,-1,1,1,1,25,6,0,1,105,0,1,5,3,3,0,1,6,2,1,5,3,8
279,R_3HqcKQZSgll15IK,Set8_b,0,107,2,0,0,1,0,1,0,0,0,1,1,-1,1,25,6,0,1,105,0,1,5,3,3,0,1,6,2,1,5,3,8
280,R_3HqcKQZSgll15IK,Set9_a,0,105,0,0,1,0,0,0,1,0,0,-1,-1,1,1,25,6,0,1,105,0,1,5,3,3,0,1,6,2,1,5,3,9
281,R_3HqcKQZSgll15IK,Set9_b,0,110,5,-1,-1,-1,1,0,0,0,0,-1,1,-1,1,25,6,0,1,105,0,1,5,3,3,0,1,6,2,1,5,3,9
282,R_3HqcKQZSgll15IK,Set10_a,0,107,2,0,0,1,0,0,0,1,0,1,-1,1,1,25,6,0,1,105,0,1,5,3,3,0,1,6,2,1,5,3,10
283,R_3HqcKQZSgll15IK,Set10_b,0,105,0,0,1,0,0,0,0,0,1,1,-1,-1,1,25,6,0,1,105,0,1,5,3,3,0,1,6,2,1,5,3,10
284,R_3HqcKQZSgll15IK,Set11_a,0,107,2,0,0,1,0,0,0,0,1,1,-1,1,1,25,6,0,1,105,0,1,5,3,3,0,1,6,2,1,5,3,11
285,R_3HqcKQZSgll15IK,Set11_b,0,105,0,0,1,0,0,0,0,1,0,-1,1,-1,1,25,6,0,1,105,0,1,5,3,3,0,1,6,2,1,5,3,11
286,R_3HqcKQZSgll15IK,Set12_a,0,107,2,0,0,1,1,0,0,0,0,-1,1,1,1,25,6,0,1,105,0,1,5,3,3,0,1,6,2,1,5,3,12
287,R_3HqcKQZSgll15IK,Set12_b,0,110,5,-1,-1,-1,0,1,0,0,0,1,-1,-1,1,25,6,0,1,105,0,1,5,3,3,0,1,6,2,1,5,3,12
288,R_2OZ9GbFDzgwVRGa,Set1_a,1,70,-5,1,0,0,-1,-1,-1,-1,-1,-1,1,-1,1,65,1,0,1,75,0,0,1,2,4,0,4,4,4,5,4,2,1
289,R_2OZ9GbFDzgwVRGa,Set1_b,0,75,0,0,1,0,0,0,0,0,1,1,-1,1,1,65,1,0,1,75,0,0,1,2,4,0,4,4,4,5,4,2,1
290,R_2OZ9GbFDzgwVRGa,Set2_a,1,70,-5,1,0,0,-1,-1,-1,-1,-1,-1,1,-1,1,65,1,0,1,75,0,0,1,2,4,0,4,4,4,5,4,2,2
291,R_2OZ9GbFDzgwVRGa,Set2_b,0,75,0,0,1,0,0,0,0,1,0,1,-1,1,1,65,1,0,1,75,0,0,1,2,4,0,4,4,4,5,4,2,2
292,R_2OZ9GbFDzgwVRGa,Set3_a,1,80,5,-1,-1,-1,0,0,1,0,0,1,1,-1,1,65,1,0,1,75,0,0,1,2,4,0,4,4,4,5,4,2,3
293,R_2OZ9GbFDzgwVRGa,Set3_b,0,80,5,-1,-1,-1,1,0,0,0,0,-1,-1,1,1,65,1,0,1,75,0,0,1,2,4,0,4,4,4,5,4,2,3
294,R_2OZ9GbFDzgwVRGa,Set4_a,0,80,5,-1,-1,-1,0,0,0,1,0,-1,1,1,1,65,1,0,1,75,0,0,1,2,4,0,4,4,4,5,4,2,4
295,R_2OZ9GbFDzgwVRGa,Set4_b,0,80,5,-1,-1,-1,1,0,0,0,0,1,1,-1,1,65,1,0,1,75,0,0,1,2,4,0,4,4,4,5,4,2,4
296,R_2OZ9GbFDzgwVRGa,Set5_a,0,75,0,0,1,0,0,1,0,0,0,1,-1,1,1,65,1,0,1,75,0,0,1,2,4,0,4,4,4,5,4,2,5
297,R_2OZ9GbFDzgwVRGa,Set5_b,0,70,-5,1,0,0,-1,-1,-1,-1,-1,1,-1,-1,1,65,1,0,1,75,0,0,1,2,4,0,4,4,4,5,4,2,5
298,R_2OZ9GbFDzgwVRGa,Set6_a,0,77,2,0,0,1,1,0,0,0,0,-1,1,1,1,65,1,0,1,75,0,0,1,2,4,0,4,4,4,5,4,2,6
299,R_2OZ9GbFDzgwVRGa,Set6_b,0,70,-5,1,0,0,-1,-1,-1,-1,-1,1,-1,-1,1,65,1,0,1,75,0,0,1,2,4,0,4,4,4,5,4,2,6
300,R_2OZ9GbFDzgwVRGa,Set7_a,0,80,5,-1,-1,-1,0,0,0,0,1,1,1,1,1,65,1,0,1,75,0,0,1,2,4,0,4,4,4,5,4,2,7
301,R_2OZ9GbFDzgwVRGa,Set7_b,0,80,5,-1,-1,-1,0,0,1,0,0,1,-1,-1,1,65,1,0,1,75,0,0,1,2,4,0,4,4,4,5,4,2,7
302,R_2OZ9GbFDzgwVRGa,Set8_a,0,80,5,-1,-1,-1,0,0,1,0,0,-1,1,1,1,65,1,0,1,75,0,0,1,2,4,0,4,4,4,5,4,2,8
303,R_2OZ9GbFDzgwVRGa,Set8_b,0,77,2,0,0,1,0,1,0,0,0,1,1,-1,1,65,1,0,1,75,0,0,1,2,4,0,4,4,4,5,4,2,8
304,R_2OZ9GbFDzgwVRGa,Set9_a,0,75,0,0,1,0,0,0,1,0,0,-1,-1,1,1,65,1,0,1,75,0,0,1,2,4,0,4,4,4,5,4,2,9
305,R_2OZ9GbFDzgwVRGa,Set9_b,0,80,5,-1,-1,-1,1,0,0,0,0,-1,1,-1,1,65,1,0,1,75,0,0,1,2,4,0,4,4,4,5,4,2,9
306,R_2OZ9GbFDzgwVRGa,Set10_a,0,77,2,0,0,1,0,0,0,1,0,1,-1,1,1,65,1,0,1,75,0,0,1,2,4,0,4,4,4,5,4,2,10
307,R_2OZ9GbFDzgwVRGa,Set10_b,0,75,0,0,1,0,0,0,0,0,1,1,-1,-1,1,65,1,0,1,75,0,0,1,2,4,0,4,4,4,5,4,2,10
308,R_2OZ9GbFDzgwVRGa,Set11_a,0,77,2,0,0,1,0,0,0,0,1,1,-1,1,1,65,1,0,1,75,0,0,1,2,4,0,4,4,4,5,4,2,11
309,R_2OZ9GbFDzgwVRGa,Set11_b,0,75,0,0,1,0,0,0,0,1,0,-1,1,-1,1,65,1,0,1,75,0,0,1,2,4,0,4,4,4,5,4,2,11
310,R_2OZ9GbFDzgwVRGa,Set12_a,0,77,2,0,0,1,1,0,0,0,0,-1,1,1,1,65,1,0,1,75,0,0,1,2,4,0,4,4,4,5,4,2,12
311,R_2OZ9GbFDzgwVRGa,Set12_b,0,80,5,-1,-1,-1,0,1,0,0,0,1,-1,-1,1,65,1,0,1,75,0,0,1,2,4,0,4,4,4,5,4,2,12
312,R_9yhYqtUm0FEkOJj,Set1_a,0,94,-5,1,0,0,-1,-1,-1,-1,-1,-1,1,-1,0,25,6,0,0,99,0,1,4,3,5,1,7,6,1,4,4,1,1
313,R_9yhYqtUm0FEkOJj,Set1_b,1,99,0,0,1,0,0,0,0,0,1,1,-1,1,0,25,6,0,0,99,0,1,4,3,5,1,7,6,1,4,4,1,1
314,R_9yhYqtUm0FEkOJj,Set2_a,0,94,-5,1,0,0,-1,-1,-1,-1,-1,-1,1,-1,0,25,6,0,0,99,0,1,4,3,5,1,7,6,1,4,4,1,2
315,R_9yhYqtUm0FEkOJj,Set2_b,1,99,0,0,1,0,0,0,0,1,0,1,-1,1,0,25,6,0,0,99,0,1,4,3,5,1,7,6,1,4,4,1,2
316,R_9yhYqtUm0FEkOJj,Set3_a,1,104,5,-1,-1,-1,0,0,1,0,0,1,1,-1,0,25,6,0,0,99,0,1,4,3,5,1,7,6,1,4,4,1,3
317,R_9yhYqtUm0FEkOJj,Set3_b,0,104,5,-1,-1,-1,1,0,0,0,0,-1,-1,1,0,25,6,0,0,99,0,1,4,3,5,1,7,6,1,4,4,1,3
318,R_9yhYqtUm0FEkOJj,Set4_a,0,104,5,-1,-1,-1,0,0,0,1,0,-1,1,1,0,25,6,0,0,99,0,1,4,3,5,1,7,6,1,4,4,1,4
319,R_9yhYqtUm0FEkOJj,Set4_b,1,104,5,-1,-1,-1,1,0,0,0,0,1,1,-1,0,25,6,0,0,99,0,1,4,3,5,1,7,6,1,4,4,1,4
320,R_9yhYqtUm0FEkOJj,Set5_a,1,99,0,0,1,0,0,1,0,0,0,1,-1,1,0,25,6,0,0,99,0,1,4,3,5,1,7,6,1,4,4,1,5
321,R_9yhYqtUm0FEkOJj,Set5_b,0,94,-5,1,0,0,-1,-1,-1,-1,-1,1,-1,-1,0,25,6,0,0,99,0,1,4,3,5,1,7,6,1,4,4,1,5
322,R_9yhYqtUm0FEkOJj,Set6_a,1,101,2,0,0,1,1,0,0,0,0,-1,1,1,0,25,6,0,0,99,0,1,4,3,5,1,7,6,1,4,4,1,6
323,R_9yhYqtUm0FEkOJj,Set6_b,0,94,-5,1,0,0,-1,-1,-1,-1,-1,1,-1,-1,0,25,6,0,0,99,0,1,4,3,5,1,7,6,1,4,4,1,6
324,R_9yhYqtUm0FEkOJj,Set7_a,1,104,5,-1,-1,-1,0,0,0,0,1,1,1,1,0,25,6,0,0,99,0,1,4,3,5,1,7,6,1,4,4,1,7
325,R_9yhYqtUm0FEkOJj,Set7_b,0,104,5,-1,-1,-1,0,0,1,0,0,1,-1,-1,0,25,6,0,0,99,0,1,4,3,5,1,7,6,1,4,4,1,7
326,R_9yhYqtUm0FEkOJj,Set8_a,0,104,5,-1,-1,-1,0,0,1,0,0,-1,1,1,0,25,6,0,0,99,0,1,4,3,5,1,7,6,1,4,4,1,8
327,R_9yhYqtUm0FEkOJj,Set8_b,0,101,2,0,0,1,0,1,0,0,0,1,1,-1,0,25,6,0,0,99,0,1,4,3,5,1,7,6,1,4,4,1,8
328,R_9yhYqtUm0FEkOJj,Set9_a,0,99,0,0,1,0,0,0,1,0,0,-1,-1,1,0,25,6,0,0,99,0,1,4,3,5,1,7,6,1,4,4,1,9
329,R_9yhYqtUm0FEkOJj,Set9_b,0,104,5,-1,-1,-1,1,0,0,0,0,-1,1,-1,0,25,6,0,0,99,0,1,4,3,5,1,7,6,1,4,4,1,9
330,R_9yhYqtUm0FEkOJj,Set10_a,0,101,2,0,0,1,0,0,0,1,0,1,-1,1,0,25,6,0,0,99,0,1,4,3,5,1,7,6,1,4,4,1,10
331,R_9yhYqtUm0FEkOJj,Set10_b,0,99,0,0,1,0,0,0,0,0,1,1,-1,-1,0,25,6,0,0,99,0,1,4,3,5,1,7,6,1,4,4,1,10
332,R_9yhYqtUm0FEkOJj,Set11_a,0,101,2,0,0,1,0,0,0,0,1,1,-1,1,0,25,6,0,0,99,0,1,4,3,5,1,7,6,1,4,4,1,11
333,R_9yhYqtUm0FEkOJj,Set11_b,0,99,0,0,1,0,0,0,0,1,0,-1,1,-1,0,25,6,0,0,99,0,1,4,3,5,1,7,6,1,4,4,1,11
334,R_9yhYqtUm0FEkOJj,Set12_a,0,101,2,0,0,1,1,0,0,0,0,-1,1,1,0,25,6,0,0,99,0,1,4,3,5,1,7,6,1,4,4,1,12
335,R_9yhYqtUm0FEkOJj,Set12_b,0,104,5,-1,-1,-1,0,1,0,0,0,1,-1,-1,0,25,6,0,0,99,0,1,4,3,5,1,7,6,1,4,4,1,12
336,R_3PiZs2PUpimz4mE,Set1_a,0,24,-5,1,0,0,-1,-1,-1,-1,-1,-1,1,-1,1,27,6,0,0,29,1,0,2,4,5,0,5,4,3,5,4,3,1
337,R_3PiZs2PUpimz4mE,Set1_b,1,29,0,0,1,0,0,0,0,0,1,1,-1,1,1,27,6,0,0,29,1,0,2,4,5,0,5,4,3,5,4,3,1
338,R_3PiZs2PUpimz4mE,Set2_a,1,24,-5,1,0,0,-1,-1,-1,-1,-1,-1,1,-1,1,27,6,0,0,29,1,0,2,4,5,0,5,4,3,5,4,3,2
339,R_3PiZs2PUpimz4mE,Set2_b,0,29,0,0,1,0,0,0,0,1,0,1,-1,1,1,27,6,0,0,29,1,0,2,4,5,0,5,4,3,5,4,3,2
340,R_3PiZs2PUpimz4mE,Set3_a,1,34,5,-1,-1,-1,0,0,1,0,0,1,1,-1,1,27,6,0,0,29,1,0,2,4,5,0,5,4,3,5,4,3,3
341,R_3PiZs2PUpimz4mE,Set3_b,0,34,5,-1,-1,-1,1,0,0,0,0,-1,-1,1,1,27,6,0,0,29,1,0,2,4,5,0,5,4,3,5,4,3,3
342,R_3PiZs2PUpimz4mE,Set4_a,0,34,5,-1,-1,-1,0,0,0,1,0,-1,1,1,1,27,6,0,0,29,1,0,2,4,5,0,5,4,3,5,4,3,4
343,R_3PiZs2PUpimz4mE,Set4_b,1,34,5,-1,-1,-1,1,0,0,0,0,1,1,-1,1,27,6,0,0,29,1,0,2,4,5,0,5,4,3,5,4,3,4
344,R_3PiZs2PUpimz4mE,Set5_a,1,29,0,0,1,0,0,1,0,0,0,1,-1,1,1,27,6,0,0,29,1,0,2,4,5,0,5,4,3,5,4,3,5
345,R_3PiZs2PUpimz4mE,Set5_b,0,24,-5,1,0,0,-1,-1,-1,-1,-1,1,-1,-1,1,27,6,0,0,29,1,0,2,4,5,0,5,4,3,5,4,3,5
346,R_3PiZs2PUpimz4mE,Set6_a,1,31,2,0,0,1,1,0,0,0,0,-1,1,1,1,27,6,0,0,29,1,0,2,4,5,0,5,4,3,5,4,3,6
347,R_3PiZs2PUpimz4mE,Set6_b,0,24,-5,1,0,0,-1,-1,-1,-1,-1,1,-1,-1,1,27,6,0,0,29,1,0,2,4,5,0,5,4,3,5,4,3,6
348,R_3PiZs2PUpimz4mE,Set7_a,0,34,5,-1,-1,-1,0,0,0,0,1,1,1,1,1,27,6,0,0,29,1,0,2,4,5,0,5,4,3,5,4,3,7
349,R_3PiZs2PUpimz4mE,Set7_b,0,34,5,-1,-1,-1,0,0,1,0,0,1,-1,-1,1,27,6,0,0,29,1,0,2,4,5,0,5,4,3,5,4,3,7
350,R_3PiZs2PUpimz4mE,Set8_a,0,34,5,-1,-1,-1,0,0,1,0,0,-1,1,1,1,27,6,0,0,29,1,0,2,4,5,0,5,4,3,5,4,3,8
351,R_3PiZs2PUpimz4mE,Set8_b,0,31,2,0,0,1,0,1,0,0,0,1,1,-1,1,27,6,0,0,29,1,0,2,4,5,0,5,4,3,5,4,3,8
352,R_3PiZs2PUpimz4mE,Set9_a,0,29,0,0,1,0,0,0,1,0,0,-1,-1,1,1,27,6,0,0,29,1,0,2,4,5,0,5,4,3,5,4,3,9
353,R_3PiZs2PUpimz4mE,Set9_b,0,34,5,-1,-1,-1,1,0,0,0,0,-1,1,-1,1,27,6,0,0,29,1,0,2,4,5,0,5,4,3,5,4,3,9
354,R_3PiZs2PUpimz4mE,Set10_a,0,31,2,0,0,1,0,0,0,1,0,1,-1,1,1,27,6,0,0,29,1,0,2,4,5,0,5,4,3,5,4,3,10
355,R_3PiZs2PUpimz4mE,Set10_b,0,29,0,0,1,0,0,0,0,0,1,1,-1,-1,1,27,6,0,0,29,1,0,2,4,5,0,5,4,3,5,4,3,10
356,R_3PiZs2PUpimz4mE,Set11_a,0,31,2,0,0,1,0,0,0,0,1,1,-1,1,1,27,6,0,0,29,1,0,2,4,5,0,5,4,3,5,4,3,11
357,R_3PiZs2PUpimz4mE,Set11_b,0,29,0,0,1,0,0,0,0,1,0,-1,1,-1,1,27,6,0,0,29,1,0,2,4,5,0,5,4,3,5,4,3,11
358,R_3PiZs2PUpimz4mE,Set12_a,0,31,2,0,0,1,1,0,0,0,0,-1,1,1,1,27,6,0,0,29,1,0,2,4,5,0,5,4,3,5,4,3,12
359,R_3PiZs2PUpimz4mE,Set12_b,0,34,5,-1,-1,-1,0,1,0,0,0,1,-1,-1,1,27,6,0,0,29,1,0,2,4,5,0,5,4,3,5,4,3,12
